classroom_id,course_name,faculty,eligible_n,size_group,sex_top_1
urb209_0601,TALLER DE URBANISMO 1,ARQUITECTURA Y URBANISMO,53,G4,F
1arc06_0802,HISTORIA Y TEORÍA DE LA ARQUITECTURA 4,ARQUITECTURA Y URBANISMO,40,G3,F
arc227_0701,TALLER 7,ARQUITECTURA Y URBANISMO,36,G3,F
1arc56_0901,ÉTICA DE LA ARQUITECTURA,ARQUITECTURA Y URBANISMO,28,G2,F
arc225_0501,TALLER 5,ARQUITECTURA Y URBANISMO,22,G2,F
1arc71_1007,TALLER 9,ARQUITECTURA Y URBANISMO,20,G1,F
arc225_0502,TALLER 5,ARQUITECTURA Y URBANISMO,18,G1,F
1arc48_0703,HISTORIA Y TEORÍA DE LA ARQUITECTURA 3,ARQUITECTURA Y URBANISMO,18,G1,F
1arc71_1002,TALLER 9,ARQUITECTURA Y URBANISMO,16,G1,F
dgr202_0511,FOTODISEÑO,ARTE Y DISEÑO,22,G2,F
art385_1061,METODOLOGÍA DE LA INVESTIGACIÓN EN ARTE 2,ARTE Y DISEÑO,19,G1,F
1dgr10_0612,INVESTIGACIÓN EN DISEÑO,ARTE Y DISEÑO,18,G1,F
2art10_0851,PROYECTOS DE EDICIÓN INDEPENDIENTE,ARTE Y DISEÑO,15,G1,F
ant312_0611,SIMBOLISMO Y RITUAL,ARTE Y DISEÑO,12,G1,F
1dgr13_0912,DISEÑO DE INTERACCIÓN Y EXPERIENCIA DE USUARIO 1,ARTE Y DISEÑO,11,G1,F
art407_0662,COMPOSICIÓN PINTURA 2,ARTE Y DISEÑO,10,G1,F
fil191_0802,ESTÉTICA,ARTES ESCÉNICAS,29,G2,F
fil191_0801,ESTÉTICA,ARTES ESCÉNICAS,22,G2,F
1are11_1001,DEONTOLOGÍA DE LAS ARTES ESCÉNICAS,ARTES ESCÉNICAS,20,G1,F
tea260_0802,CRITICA TEATRAL,ARTES ESCÉNICAS,18,G1,F
1tea36_0801,METODOLOGÍA DE LA INVESTIGACIÓN TEATRAL,ARTES ESCÉNICAS,16,G1,F
tea214_elec,DIRECCIÓN,ARTES ESCÉNICAS,14,G1,F
mus825_0902,ENFOQUES DE ENSEÑANZA MUSICAL,ARTES ESCÉNICAS,12,G1,M
tea243_0203,ANÁLISIS DE UN TEXTO DRAMÁTICO,ARTES ESCÉNICAS,12,G1,F
1dan28_0605,TÉCNICA DE DANZA 6,ARTES ESCÉNICAS,10,G1,F
con284_0711,SISTEMAS DE INFORMACIÓN CONTABLE 2,CIENCIAS CONTABLES,27,G2,F
con295_0811,EMPRENDIMIENTO,CIENCIAS CONTABLES,27,G2,M
1ind50_0732,GESTIÓN DEL TALENTO HUMANO,CIENCIAS E INGENIERIA,46,G4,M
ing220_0842,ÉTICA PROFESIONAL,CIENCIAS E INGENIERIA,45,G4,M
ind231_0632,INGENIERÍA ECONÓMICA,CIENCIAS E INGENIERIA,44,G4,M
ind231_0635,INGENIERÍA ECONÓMICA,CIENCIAS E INGENIERIA,44,G4,M
1ind54_0932,AUTOMATIZACIÓN E INDUSTRIA 4.0,CIENCIAS E INGENIERIA,40,G3,M
ind283_0832,MERCADOTECNIA INDUSTRIAL,CIENCIAS E INGENIERIA,39,G3,M
1inf29_0681,SISTEMAS OPERATIVOS,CIENCIAS E INGENIERIA,37,G3,M
1inf54_0982,PROYECTO DE DISEÑO Y DESARROLLO DE SOFTWARE,CIENCIAS E INGENIERIA,32,G3,M
1mec41_06m1,TERMOFLUIDOS A,CIENCIAS E INGENIERIA,31,G3,M
2civ12_0803,INGENIERÍA DE TRANSPORTE,CIENCIAS E INGENIERIA,30,G2,M
1inf41_0883,SEGURIDAD DE INFORMACIÓN,CIENCIAS E INGENIERIA,22,G2,M
1inf36_0882,ÉTICA Y RSU EN INGENIERÍA INFORMÁTICA,CIENCIAS E INGENIERIA,22,G2,M
1ind47_0634,MODELOS DETERMINÍSTICOS,CIENCIAS E INGENIERIA,17,G1,F
fis220_0861,TÉCNICAS COMPUTACIONALES EN FÍSICA,CIENCIAS E INGENIERIA,16,G1,M
1fin27_0621,FINANZAS INTERNACIONALES,CIENCIAS SOCIALES,59,G4,M
1fin02_0522,ANALISIS FINANCIERO 1,CIENCIAS SOCIALES,46,G4,F
1rei15_1051,INTEGRACIÓN REGIONAL,CIENCIAS SOCIALES,43,G4,F
1fin09_0821,TEORÍA Y GESTIÓN DE PORTAFOLIOS,CIENCIAS SOCIALES,40,G3,M
1rei45_0651,MÉTODOS CUANTITATIVOS EN CIENCIAS SOCIALES,CIENCIAS SOCIALES,40,G3,F
fin203_0621,MICROECONOMÍA FINANCIERA,CIENCIAS SOCIALES,39,G3,M
1fin52_0721,EVALUACIÓN PRIVADA Y SOCIAL DE PROYECTOS,CIENCIAS SOCIALES,36,G3,M
1soc63_0631,MEDIO AMBIENTE Y TERRITORIOS RURALES,CIENCIAS SOCIALES,30,G2,F
1fin52_0722,EVALUACIÓN PRIVADA Y SOCIAL DE PROYECTOS,CIENCIAS SOCIALES,28,G2,F
mat291_0521,MATEMÁTICAS PARA ECONOMISTAS,CIENCIAS SOCIALES,27,G2,M
pol223_0990,DEONTOLOGÍA: ÉTICA Y POLÍTICA,CIENCIAS SOCIALES,25,G2,M
eco208_0722,ECONOMÍA INTERNACIONAL 1,CIENCIAS SOCIALES,25,G2,M
eco293_0623,MACROECONOMÍA 2,CIENCIAS SOCIALES,25,G2,F
1fin18_0522,FINANZAS CUANTITATIVAS 1,CIENCIAS SOCIALES,25,G2,M
eco263_0623,MICROECONOMÍA 2,CIENCIAS SOCIALES,24,G2,M
pol209_0889,DERECHO CONSTITUCIONAL Y POLÍTICA,CIENCIAS SOCIALES,24,G2,M
1fin11_0921,GESTION BANCARIA,CIENCIAS SOCIALES,20,G1,M
cco352_0401,LEGISLACIÓN EN COMUNICACIONES,CIENCIAS Y ARTES DE LA COMUN.,28,G2,F
1cce02_0506,MARKETING AUDIOVISUAL,CIENCIAS Y ARTES DE LA COMUN.,28,G2,M
cco233_0303,DEONTOLOGÍA DE LA COMUNICACIÓN,CIENCIAS Y ARTES DE LA COMUN.,27,G2,F
cco233_0305,DEONTOLOGÍA DE LA COMUNICACIÓN,CIENCIAS Y ARTES DE LA COMUN.,27,G2,F
cco234_0402,SEMIÓTICA PARA COMUNICACIONES,CIENCIAS Y ARTES DE LA COMUN.,25,G2,F
cce215_0302,ILUMINACIÓN,CIENCIAS Y ARTES DE LA COMUN.,20,G1,F
cco363_0202,ESTÉTICA Y COMUNICACIÓN,CIENCIAS Y ARTES DE LA COMUN.,19,G1,F
1cco19_0103,PENSAMIENTO COMPUTACIONAL PARA COMUNICACIONES,CIENCIAS Y ARTES DE LA COMUN.,18,G1,F
cco202_0109,TEORÍAS DE LA COMUNICACIÓN,CIENCIAS Y ARTES DE LA COMUN.,16,G1,F
1cce20_0605,PROYECTO DE COMUNICACIÓN PUBLICITARIA,CIENCIAS Y ARTES DE LA COMUN.,16,G1,F
cco221_0203,MÉTODOS Y TÉCNICAS DE INVESTIGACIÓN 1,CIENCIAS Y ARTES DE LA COMUN.,15,G1,F
det213_0503,IMPUESTO A LA RENTA E IMPUESTO GENERAL A LAS VENTAS,DERECHO,45,G4,F
dee219_0409,SISTEMA DE JUSTICIA Y FUNDAMENTOS CONSTITUCIONALES DEL PROCESO,DERECHO,45,G4,F
der205_0508,FILOSOFÍA DEL DERECHO,DERECHO,43,G4,F
det212_0405,DERECHO TRIBUTARIO GENERAL,DERECHO,43,G4,F
dec291_0602,TEORÍA DE LA PRUEBA,DERECHO,43,G4,F
dec284_0304,FAMILIA,DERECHO,43,G4,F
dec282_0208,INSTITUCIONES DEL DERECHO PRIVADO 2,DERECHO,43,G4,F
dec287_0609,CONTRATOS TÍPICOS,DERECHO,42,G4,F
del204_0401,DERECHO LABORAL ESPECIAL,DERECHO,42,G4,F
dec280_0107,INSTITUCIONES DEL DERECHO PRIVADO,DERECHO,41,G4,F
dee203_0302,DERECHO ADMINISTRATIVO 1,DERECHO,41,G4,F
dec289_0105,TEORÍA DEL CONFLICTO Y MECANISMOS DE SOLUCIÓN,DERECHO,37,G3,F
der248_0305,ARGUMENTACIÓN JURÍDICA,DERECHO,35,G3,F
dee218_0206,DERECHOS FUNDAMENTALES E INTERPRETACIÓN CONSTITUCIONAL,DERECHO,34,G3,M
dec288_0504,SUCESIONES,DERECHO,24,G2,F
1der09_0518,TALLER DE INVESTIGACIÓN JURÍDICA,DERECHO,20,G1,F
der249_0221,COMUNICACIÓN JURÍDICA EFICAZ,DERECHO,20,G1,F
edu209_0301,FILOSOFÍA DE LA EDUCACIÓN,EDUCACION,41,G4,F
1psi10_0301,"PROCESOS COGNITIVOS, AFECTIVOS Y SOCIALES",EDUCACION,40,G3,F
1mat08_0307,CÁLCULO EN VARIAS VARIABLES,ESTUDIOS GENERALES CIENCIAS,61,G4,M
1mat09_0402,CÁLCULO APLICADO,ESTUDIOS GENERALES CIENCIAS,61,G4,M
1fis06_0405,FÍSICA 3,ESTUDIOS GENERALES CIENCIAS,58,G4,M
1ind65_0480,ESTUDIO DEL TRABAJO,ESTUDIOS GENERALES CIENCIAS,48,G4,M
1inf01_b301,FUNDAMENTOS DE PROGRAMACIÓN,ESTUDIOS GENERALES CIENCIAS,42,G4,M
1fis04_0307,FÍSICA 2,ESTUDIOS GENERALES CIENCIAS,34,G3,M
1fil01_0257,CIENCIA Y FILOSOFÍA,ESTUDIOS GENERALES CIENCIAS,33,G3,M
1lin16_0205,TRABAJO ACADÉMICO,ESTUDIOS GENERALES CIENCIAS,32,G3,M
1ing02_0230,DIBUJO EN INGENIERÍA,ESTUDIOS GENERALES CIENCIAS,20,G1,M
int124_0308,INVESTIGACIÓN ACADÉMICA,ESTUDIOS GENERALES LETRAS,60,G4,F
int124_0317,INVESTIGACIÓN ACADÉMICA,ESTUDIOS GENERALES LETRAS,60,G4,F
lit135_0202,INTRODUCCIÓN A LA LITERATURA,ESTUDIOS GENERALES LETRAS,59,G4,F
int124_0305,INVESTIGACIÓN ACADÉMICA,ESTUDIOS GENERALES LETRAS,58,G4,F
int124_0319,INVESTIGACIÓN ACADÉMICA,ESTUDIOS GENERALES LETRAS,57,G4,F
1his16_0202,HISTORIA MUNDIAL DEL SIGLO XX,ESTUDIOS GENERALES LETRAS,53,G4,F
int124_0304,INVESTIGACIÓN ACADÉMICA,ESTUDIOS GENERALES LETRAS,48,G4,M
int124_0301,INVESTIGACIÓN ACADÉMICA,ESTUDIOS GENERALES LETRAS,45,G4,M
lin146_0207,LENGUAJE Y SOCIEDAD,ESTUDIOS GENERALES LETRAS,43,G4,F
1his23_0201,HISTORIA DEL ARTE OCCIDENTAL,ESTUDIOS GENERALES LETRAS,36,G3,M
3int10_0207,MEDIO AMBIENTE Y SOSTENIBILIDAD: EL CUIDADO DE NUESTRA CASA COMÚN,ESTUDIOS GENERALES LETRAS,32,G3,F
1ges06_0502,ECONOMÍA APLICADA A LA GESTIÓN 1,ESTUDIOS GENERALES LETRAS,31,G3,F
3int10_0202,MEDIO AMBIENTE Y SOSTENIBILIDAD: EL CUIDADO DE NUESTRA CASA COMÚN,ESTUDIOS GENERALES LETRAS,30,G2,F
eco290_0522,MACROECONOMÍA 1,ESTUDIOS GENERALES LETRAS,25,G2,M
3int10_0201,MEDIO AMBIENTE Y SOSTENIBILIDAD: EL CUIDADO DE NUESTRA CASA COMÚN,ESTUDIOS GENERALES LETRAS,20,G1,F
hum113_0203,ARGUMENTACIÓN,ESTUDIOS GENERALES LETRAS,16,G1,F
int124_0321,INVESTIGACIÓN ACADÉMICA,"GASTRONOMÍA, HOTELERÍA Y TURISMO",57,G4,F
1ges07_0612,PRINCIPIOS DE MARKETING,GESTIÓN Y ALTA DIRECCIÓN,40,G3,F
1ges13_0803,FUNDAMENTOS DE FINANZAS CORPORATIVAS,GESTIÓN Y ALTA DIRECCIÓN,40,G3,F
1ges11_0703,MATEMÁTICA FINANCIERA,GESTIÓN Y ALTA DIRECCIÓN,38,G3,F
gee204_0901,CONTROL DE GESTIÓN,GESTIÓN Y ALTA DIRECCIÓN,35,G3,F
ges209_0534,CONTABILIDAD DE GESTIÓN,GESTIÓN Y ALTA DIRECCIÓN,33,G3,F
1ges18_0903,TALLER DE HABILIDADES GERENCIALES 3,GESTIÓN Y ALTA DIRECCIÓN,19,G1,M
ges261_0703,TALLER DE HABILIDADES GERENCIALES 2,GESTIÓN Y ALTA DIRECCIÓN,18,G1,F
gei205_1001,INNOVACIÓN Y EMPRENDIMIENTO SOCIAL,GESTIÓN Y ALTA DIRECCIÓN,15,G1,F
lit303_0607,TEORÍA LITERARIA 1,LETRAS Y CIENCIAS HUMANAS,18,G1,F
geo302_1004,GEOGRAFÍA ANDINA Y AMAZÓNICA,LETRAS Y CIENCIAS HUMANAS,14,G1,F
psg212_7137,EVALUACIÓN PSICOLÓGICA 1,PSICOLOGÍA,26,G2,F
psb229_7146,MOTIVACIÓN Y EMOCIÓN,PSICOLOGÍA,25,G2,F
1psg07_7149,"PSICOLOGÍA, EXCLUSIÓN E INCLUSIÓN SOCIAL",PSICOLOGÍA,25,G2,F
psg216_7126,INVESTIGACIÓN CUALITATIVA,PSICOLOGÍA,25,G2,F
1psg06_7139,PSICOLOGÍA Y SALUD,PSICOLOGÍA,25,G2,F
1psg03_7148,PSICOLOGÍA Y VIOLENCIA,PSICOLOGÍA,25,G2,F
1psg04_7148,PSICOLOGÍA Y DESARROLLO INTEGRAL,PSICOLOGÍA,25,G2,F
1psg02_7137,FUNDAMENTOS DE LA INTERVENCIÓN PSICOLÓGICA,PSICOLOGÍA,24,G2,F
psg201_7115,PROCESOS COGNITIVOS Y AFECTIVOS,PSICOLOGÍA,20,G1,F
psg210_7135,NEUROCIENCIAS DEL COMPORTAMIENTO,PSICOLOGÍA,20,G1,F
